    {
      "priority": 40000,
      "timeout": 1500,
      "isPermanent": true,
      "deviceId": "of:000000000000000%1",
      "treatment": {
        "instructions": [
          {
            "type": "OUTPUT",
            "port": "%2"
          }
        ],
        "deferred": []
      },
      "selector": {
        "criteria": [
          {
            "type": "IN_PORT",
            "port": "%3"
          },
          {
            "type": "ETH_TYPE",
            "ethType": "0x0800"
          },
          {
            "type": "IPV4_DST",
            "ip": "10.0.0.%4/32"
          },
          {
            "type": "IPV4_SRC",
            "ip": "10.0.0.%5/32"
          }
        ]
      }
    }